model,dataset,scenario,seed,fold,accuracy,precision,recall,f1,distribution,degenerate,train_time_ms,inf_time_ms,auto_direction,auto_threshold
lstm,SKAB,original,42,0,0.8914539400665926,0.8549257759784076,0.8221933809214795,0.8382401587826662,"{'0': 3023, '1': 1482}",False,0.0,156.84771537780762,,
gru,SKAB,original,42,0,0.8874583795782464,0.8507462686567164,0.8137573004542504,0.8318407960199005,"{'0': 3031, '1': 1474}",False,0.0,160.19177436828613,,
cnn1d,SKAB,original,42,0,0.8799112097669256,0.8217503217503217,0.8286826735885788,0.8252019386106624,"{'0': 2951, '1': 1554}",False,0.0,203.41134071350098,,
automata,SKAB,original,42,0,0.578538102643857,0.43397626112759646,0.7592472420506164,0.5522775548737314,"{'0': 1805, '1': 2696}",False,64.7883415222168,3.0002593994140625,high,-0.3985185916839477
lstm,SKAB,gaussian_noise,42,0,0.49589345172031074,0.36736918604651164,0.6560674886437379,0.47099930118798045,"{'0': 1753, '1': 2752}",False,0.0,210.6609344482422,,
gru,SKAB,gaussian_noise,42,0,0.497669256381798,0.36795903438185806,0.6528228423101882,0.4706432748538012,"{'0': 1771, '1': 2734}",False,0.0,133.6674690246582,,
cnn1d,SKAB,gaussian_noise,42,0,0.3458379578246393,0.3431503792949576,0.9980532121998702,0.5107089490287232,"{'0': 23, '1': 4482}",False,0.0,172.40643501281738,,
automata,SKAB,gaussian_noise,42,0,0.6431904021328594,0.376425855513308,0.06424399740428294,0.10975609756097561,"{'0': 4238, '1': 263}",False,43.66588592529297,2.0301342010498047,high,-0.3985185916839477
lstm,SKAB,original,42,1,0.8863889507685453,0.7915717539863326,0.9061277705345502,0.8449848024316109,"{'0': 2733, '1': 1756}",False,0.0,146.6221809387207,,
gru,SKAB,original,42,1,0.9037647582980619,0.8327294685990339,0.8989569752281616,0.864576802507837,"{'0': 2833, '1': 1656}",False,0.0,163.2552146911621,,
cnn1d,SKAB,original,42,1,0.9296057028291379,0.9043824701195219,0.8878748370273793,0.8960526315789473,"{'0': 2983, '1': 1506}",False,0.0,192.26813316345215,,
automata,SKAB,original,42,1,0.5641025641025641,0.41583366653338666,0.6779661016949152,0.5154894671623296,"{'0': 1984, '1': 2501}",False,59.87191200256348,6.122112274169922,high,-0.29230406813461635
lstm,SKAB,gaussian_noise,42,1,0.5266206282022722,0.36930561698363557,0.5443285528031291,0.4400527009222661,"{'0': 2228, '1': 2261}",False,0.0,171.68784141540527,,
gru,SKAB,gaussian_noise,42,1,0.5045667186455781,0.37222222222222223,0.6551499348109517,0.4747283892300425,"{'0': 1789, '1': 2700}",False,0.0,171.1885929107666,,
cnn1d,SKAB,gaussian_noise,42,1,0.505012252171976,0.38409703504043125,0.7431551499348109,0.5064415815193247,"{'0': 1521, '1': 2968}",False,0.0,170.37177085876465,,
automata,SKAB,gaussian_noise,42,1,0.6394648829431439,0.33725490196078434,0.0560625814863103,0.09614309670206819,"{'0': 4230, '1': 255}",False,56.523799896240234,1.871347427368164,high,-0.29230406813461635
lstm,SKAB,original,42,2,0.841696269982238,0.9846827133479212,0.5628517823639775,0.716275368085953,"{'0': 3590, '1': 914}",False,0.0,141.05963706970215,,
gru,SKAB,original,42,2,0.8365896980461812,0.9897843359818388,0.5453408380237649,0.7032258064516129,"{'0': 3623, '1': 881}",False,0.0,157.27925300598145,,
cnn1d,SKAB,original,42,2,0.8394760213143873,0.9921348314606742,0.5522201375859912,0.7095218963439133,"{'0': 3614, '1': 890}",False,0.0,208.53686332702637,,
automata,SKAB,original,42,2,0.35555555555555557,0.3554123138475217,1.0,0.5244342407346672,"{'0': 1, '1': 4499}",False,49.57103729248047,2.999544143676758,high,-7.347943823148687
lstm,SKAB,gaussian_noise,42,2,0.5064387211367674,0.3631578947368421,0.5178236397748592,0.42691415313225056,"{'0': 2224, '1': 2280}",False,0.0,127.91943550109863,,
gru,SKAB,gaussian_noise,42,2,0.5317495559502664,0.35294117647058826,0.3827392120075047,0.36723672367236726,"{'0': 2770, '1': 1734}",False,0.0,126.80315971374512,,
cnn1d,SKAB,gaussian_noise,42,2,0.37211367673179396,0.3576557794764883,0.965603502188868,0.521974306964165,"{'0': 187, '1': 4317}",False,0.0,176.04470252990723,,
automata,SKAB,gaussian_noise,42,2,0.35555555555555557,0.35534800978430064,0.9993746091307066,0.5242782152230971,"{'0': 3, '1': 4497}",False,42.38247871398926,3.0307769775390625,high,-7.347943823148687
lstm,SKAB,original,42,3,0.9450971531857207,0.9788135593220338,0.8667917448405253,0.9194029850746268,"{'0': 3010, '1': 1416}",False,0.0,123.02207946777344,,
gru,SKAB,original,42,3,0.9430637144148215,0.9673837612768911,0.8717948717948718,0.9171052631578948,"{'0': 2985, '1': 1441}",False,0.0,137.8464698791504,,
cnn1d,SKAB,original,42,3,0.9383190239493899,0.942,0.8836772983114447,0.9119070667957405,"{'0': 2926, '1': 1500}",False,0.0,156.3568115234375,,
automata,SKAB,original,42,3,0.37675260063319765,0.3664897299792292,0.9931207004377736,0.5354012137559002,"{'0': 89, '1': 4333}",False,55.69911003112793,3.3397674560546875,high,-2.8159105930045913
lstm,SKAB,gaussian_noise,42,3,0.543380027112517,0.3982642237222758,0.5165728580362726,0.44976858154097465,"{'0': 2352, '1': 2074}",False,0.0,127.76780128479004,,
gru,SKAB,gaussian_noise,42,3,0.6217803886127429,0.42829827915869984,0.14008755472170106,0.2111215834118756,"{'0': 3903, '1': 523}",False,0.0,140.92516899108887,,
cnn1d,SKAB,gaussian_noise,42,3,0.41030275643922276,0.3755845434408073,0.9543464665415885,0.5390321441186859,"{'0': 363, '1': 4063}",False,0.0,191.66016578674316,,
automata,SKAB,gaussian_noise,42,3,0.5780189959294437,0.390304026294166,0.2970606629143214,0.33735795454545453,"{'0': 3205, '1': 1217}",False,41.702985763549805,3.0388832092285156,high,-2.8159105930045913
lstm,SKAB,original,42,4,0.9320538274873152,0.946236559139785,0.849967804249839,0.8955223880597015,"{'0': 3138, '1': 1395}",False,0.0,148.95272254943848,,
gru,SKAB,original,42,4,0.9388925656298257,0.9684287812041116,0.8493238892466195,0.9049742710120069,"{'0': 3171, '1': 1362}",False,0.0,151.92580223083496,,
cnn1d,SKAB,original,42,4,0.928082947275535,0.9228118538938663,0.8622021893110109,0.8914780292942743,"{'0': 3082, '1': 1451}",False,0.0,159.67154502868652,,
automata,SKAB,original,42,4,0.4952528151909914,0.38256968920217876,0.7688345138441726,0.5109114249037228,"{'0': 1408, '1': 3121}",False,40.174245834350586,3.0193328857421875,low,-0.011993499962423406
lstm,SKAB,gaussian_noise,42,4,0.5843812045003309,0.3668543845534996,0.2936252414681262,0.3261802575107296,"{'0': 3290, '1': 1243}",False,0.0,159.85774993896484,,
gru,SKAB,gaussian_noise,42,4,0.46944628281491285,0.361328125,0.7147456535737282,0.48,"{'0': 1461, '1': 3072}",False,0.0,137.41302490234375,,
cnn1d,SKAB,gaussian_noise,42,4,0.3609088903595853,0.34754990925589835,0.9864777849323889,0.5140077168260359,"{'0': 125, '1': 4408}",False,0.0,157.8829288482666,,
automata,SKAB,gaussian_noise,42,4,0.3548244645617134,0.34397082288579894,0.9716677398583387,0.5080808080808081,"{'0': 142, '1': 4387}",False,55.33719062805176,2.9821395874023438,low,-0.011993499962423406
lstm,BATADAL,original,42,0,0.6410564225690276,0.03404255319148936,0.1,0.050793650793650794,"{'0': 598, '1': 235}",False,0.0,31.996488571166992,,
gru,BATADAL,original,42,0,0.787515006002401,0.3020408163265306,0.925,0.4553846153846154,"{'0': 588, '1': 245}",False,0.0,27.57883071899414,,
cnn1d,BATADAL,original,42,0,0.7719087635054022,0.03389830508474576,0.05,0.04040404040404041,"{'0': 715, '1': 118}",False,0.0,36.42582893371582,,
automata,BATADAL,original,42,0,0.8383594692400482,0.05,0.0375,0.04285714285714286,"{'0': 769, '1': 60}",False,15.256166458129883,1.0037422180175781,low,-2.1302391889579746
lstm,BATADAL,gaussian_noise,42,0,0.7058823529411765,0.0,0.0,0.0,"{'0': 668, '1': 165}",False,0.0,21.292686462402344,,
gru,BATADAL,gaussian_noise,42,0,0.7466986794717887,0.2600732600732601,0.8875,0.40226628895184136,"{'0': 560, '1': 273}",False,0.0,25.040626525878906,,
cnn1d,BATADAL,gaussian_noise,42,0,0.7190876350540216,0.08602150537634409,0.2,0.12030075187969924,"{'0': 647, '1': 186}",False,0.0,30.460834503173828,,
automata,BATADAL,gaussian_noise,42,0,0.7249698431845597,0.13725490196078433,0.35,0.19718309859154928,"{'0': 625, '1': 204}",False,11.150121688842773,0.99945068359375,low,-2.1302391889579746
lstm,SKAB,original,123,0,0.8887902330743618,0.8448275862068966,0.826735885788449,0.835683830764185,"{'0': 2997, '1': 1508}",False,0.0,126.05619430541992,,
gru,SKAB,original,123,0,0.8785793562708102,0.8198198198198198,0.826735885788449,0.8232633279483037,"{'0': 2951, '1': 1554}",False,0.0,145.31636238098145,,
cnn1d,SKAB,original,123,0,0.862819089900111,0.7802064359441409,0.8338741077222582,0.8061480552070264,"{'0': 2858, '1': 1647}",False,0.0,175.13275146484375,,
automata,SKAB,original,123,0,0.578538102643857,0.43397626112759646,0.7592472420506164,0.5522775548737314,"{'0': 1805, '1': 2696}",False,42.203664779663086,3.000974655151367,high,-0.3985185916839477
lstm,SKAB,gaussian_noise,123,0,0.5691453940066593,0.39669421487603307,0.4983776768332252,0.44176013805004316,"{'0': 2569, '1': 1936}",False,0.0,184.251070022583,,
gru,SKAB,gaussian_noise,123,0,0.38246392896781356,0.34854771784232363,0.9266709928617781,0.506562610854913,"{'0': 408, '1': 4097}",False,0.0,150.18963813781738,,
cnn1d,SKAB,gaussian_noise,123,0,0.4102108768035516,0.3564076170869789,0.8987670343932511,0.5104109084208587,"{'0': 619, '1': 3886}",False,0.0,175.5533218383789,,
automata,SKAB,gaussian_noise,123,0,0.6369695623194845,0.34448160535117056,0.06683971447112265,0.11195652173913044,"{'0': 4202, '1': 299}",False,55.42111396789551,1.9636154174804688,high,-0.3985185916839477
lstm,SKAB,original,123,1,0.916462463800401,0.8712363869314542,0.8865710560625815,0.8788368336025848,"{'0': 2928, '1': 1561}",False,0.0,128.0062198638916,,
gru,SKAB,original,123,1,0.9233682334595679,0.8878748370273793,0.8878748370273793,0.8878748370273793,"{'0': 2955, '1': 1534}",False,0.0,154.24466133117676,,
cnn1d,SKAB,original,123,1,0.9117843617732234,0.8574120603015075,0.8898305084745762,0.8733205374280231,"{'0': 2897, '1': 1592}",False,0.0,159.17611122131348,,
automata,SKAB,original,123,1,0.5641025641025641,0.41583366653338666,0.6779661016949152,0.5154894671623296,"{'0': 1984, '1': 2501}",False,55.8621883392334,2.332448959350586,high,-0.29230406813461635
lstm,SKAB,gaussian_noise,123,1,0.5575852082869236,0.3751381215469613,0.4426336375488918,0.4061004784688995,"{'0': 2679, '1': 1810}",False,0.0,136.26956939697266,,
gru,SKAB,gaussian_noise,123,1,0.6199599019826242,0.43533834586466164,0.3774445893089961,0.40432960893854747,"{'0': 3159, '1': 1330}",False,0.0,159.38591957092285,,
cnn1d,SKAB,gaussian_noise,123,1,0.4134551124972154,0.36085084831602937,0.9289439374185137,0.5197884369870509,"{'0': 540, '1': 3949}",False,0.0,221.07481956481934,,
automata,SKAB,gaussian_noise,123,1,0.6365663322185061,0.33783783783783783,0.0651890482398957,0.1092896174863388,"{'0': 4189, '1': 296}",False,57.79600143432617,3.0412673950195312,high,-0.29230406813461635
lstm,SKAB,original,123,2,0.8308170515097691,0.9456869009584664,0.5553470919324578,0.6997635933806147,"{'0': 3565, '1': 939}",False,0.0,152.5137424468994,,
gru,SKAB,original,123,2,0.8423623445825933,0.9868565169769989,0.5634771732332708,0.7173566878980892,"{'0': 3591, '1': 913}",False,0.0,138.7951374053955,,
cnn1d,SKAB,original,123,2,0.8428063943161634,0.9922651933701657,0.5616010006253909,0.7172523961661342,"{'0': 3599, '1': 905}",False,0.0,214.42890167236328,,
automata,SKAB,original,123,2,0.35555555555555557,0.3554123138475217,1.0,0.5244342407346672,"{'0': 1, '1': 4499}",False,54.728031158447266,3.997325897216797,high,-7.347943823148687
lstm,SKAB,gaussian_noise,123,2,0.5299733570159858,0.362087326943557,0.4252657911194497,0.3911417888984757,"{'0': 2626, '1': 1878}",False,0.0,122.76554107666016,,
gru,SKAB,gaussian_noise,123,2,0.6210035523978685,0.4059233449477352,0.14571607254534083,0.21445006902899216,"{'0': 3930, '1': 574}",False,0.0,182.99579620361328,,
cnn1d,SKAB,gaussian_noise,123,2,0.3550177619893428,0.3550177619893428,1.0,0.5240045879075864,{'1': 4504},True,0.0,186.61093711853027,,
automata,SKAB,gaussian_noise,123,2,0.3557777777777778,0.3554913294797688,1.0,0.5245202558635395,"{'0': 2, '1': 4498}",False,54.25143241882324,2.2382736206054688,high,-7.347943823148687
lstm,SKAB,original,123,3,0.9315408947130592,0.9196891191709845,0.8880550343964978,0.9035952911231308,"{'0': 2882, '1': 1544}",False,0.0,139.85538482666016,,
gru,SKAB,original,123,3,0.9446452779032987,0.9707927677329624,0.8730456535334584,0.9193282844912742,"{'0': 2988, '1': 1438}",False,0.0,169.09122467041016,,
cnn1d,SKAB,original,123,3,0.92950745594216,0.9075364154528183,0.8961851156973109,0.9018250471994965,"{'0': 2847, '1': 1579}",False,0.0,199.18584823608398,,
automata,SKAB,original,123,3,0.37675260063319765,0.3664897299792292,0.9931207004377736,0.5354012137559002,"{'0': 89, '1': 4333}",False,60.99891662597656,3.0024051666259766,high,-2.8159105930045913
lstm,SKAB,gaussian_noise,123,3,0.5476728422955265,0.40204180845892074,0.517198248905566,0.4524070021881838,"{'0': 2369, '1': 2057}",False,0.0,129.69565391540527,,
gru,SKAB,gaussian_noise,123,3,0.5519656574785359,0.3859857482185273,0.4065040650406504,0.395979287237283,"{'0': 2742, '1': 1684}",False,0.0,155.02047538757324,,
cnn1d,SKAB,gaussian_noise,123,3,0.36172616357885223,0.3613749434644957,0.9993746091307066,0.5308088357415711,"{'0': 4, '1': 4422}",False,0.0,175.21166801452637,,
automata,SKAB,gaussian_noise,123,3,0.5649027589326097,0.37566947207345064,0.3070669168230144,0.3379215416379904,"{'0': 3115, '1': 1307}",False,38.00487518310547,3.0012130737304688,high,-2.8159105930045913
lstm,SKAB,original,123,4,0.9199205823957644,0.9042119565217391,0.8570508692852543,0.88,"{'0': 3061, '1': 1472}",False,0.0,151.11827850341797,,
gru,SKAB,original,123,4,0.9322744319435252,0.9431009957325747,0.8538312942691565,0.8962487326799594,"{'0': 3127, '1': 1406}",False,0.0,142.65990257263184,,
cnn1d,SKAB,original,123,4,0.9362453121553055,0.9606413994169096,0.8486799742433999,0.9011965811965812,"{'0': 3161, '1': 1372}",False,0.0,163.07592391967773,,
automata,SKAB,original,123,4,0.4952528151909914,0.38256968920217876,0.7688345138441726,0.5109114249037228,"{'0': 1408, '1': 3121}",False,47.44577407836914,3.032207489013672,low,-0.011993499962423406
lstm,SKAB,gaussian_noise,123,4,0.45047429958085156,0.36222091656874267,0.793947198969736,0.4974783134960662,"{'0': 1129, '1': 3404}",False,0.0,149.28889274597168,,
gru,SKAB,gaussian_noise,123,4,0.49658063092874477,0.3730407523510972,0.6896329684481648,0.48417721518987344,"{'0': 1662, '1': 2871}",False,0.0,133.1315040588379,,
cnn1d,SKAB,gaussian_noise,123,4,0.3812045003309067,0.3528443817583451,0.9665164198325821,0.5169622868951266,"{'0': 279, '1': 4254}",False,0.0,146.88658714294434,,
automata,SKAB,gaussian_noise,123,4,0.3689556193420181,0.3502409915079183,0.9826142949130715,0.5164128595600677,"{'0': 172, '1': 4357}",False,52.33120918273926,2.9985904693603516,low,-0.011993499962423406
lstm,BATADAL,original,123,0,0.6830732292917167,0.030612244897959183,0.075,0.043478260869565216,"{'0': 637, '1': 196}",False,0.0,31.917572021484375,,
gru,BATADAL,original,123,0,0.7034813925570228,0.02824858757062147,0.0625,0.038910505836575876,"{'0': 656, '1': 177}",False,0.0,22.289276123046875,,
cnn1d,BATADAL,original,123,0,0.7575030012004802,0.03076923076923077,0.05,0.0380952380952381,"{'0': 703, '1': 130}",False,0.0,28.001070022583008,,
automata,BATADAL,original,123,0,0.8383594692400482,0.05,0.0375,0.04285714285714286,"{'0': 769, '1': 60}",False,11.000394821166992,0.0,low,-2.1302391889579746
lstm,BATADAL,gaussian_noise,123,0,0.765906362545018,0.12903225806451613,0.25,0.1702127659574468,"{'0': 678, '1': 155}",False,0.0,31.002044677734375,,
gru,BATADAL,gaussian_noise,123,0,0.5354141656662665,0.03903903903903904,0.1625,0.06295399515738499,"{'0': 500, '1': 333}",False,0.0,40.138959884643555,,
cnn1d,BATADAL,gaussian_noise,123,0,0.737094837935174,0.013986013986013986,0.025,0.017937219730941704,"{'0': 690, '1': 143}",False,0.0,42.2358512878418,,
automata,BATADAL,gaussian_noise,123,0,0.7322074788902292,0.11413043478260869,0.2625,0.1590909090909091,"{'0': 645, '1': 184}",False,15.047073364257812,0.0,low,-2.1302391889579746
lstm,SKAB,original,2026,0,0.9009988901220866,0.8907922912205567,0.8098637248539909,0.8484024473147519,"{'0': 3104, '1': 1401}",False,0.0,134.44948196411133,,
gru,SKAB,original,2026,0,0.893007769145394,0.8659295093296475,0.8131083711875405,0.8386880856760375,"{'0': 3058, '1': 1447}",False,0.0,343.0829048156738,,
cnn1d,SKAB,original,2026,0,0.8741398446170922,0.8113810741687979,0.8234912394548994,0.8173913043478261,"{'0': 2941, '1': 1564}",False,0.0,182.63959884643555,,
automata,SKAB,original,2026,0,0.578538102643857,0.43397626112759646,0.7592472420506164,0.5522775548737314,"{'0': 1805, '1': 2696}",False,66.19572639465332,2.1796226501464844,high,-0.3985185916839477
lstm,SKAB,gaussian_noise,2026,0,0.4974472807991121,0.3684976355038196,0.6573653471771577,0.4722610722610723,"{'0': 1756, '1': 2749}",False,0.0,130.5830478668213,,
gru,SKAB,gaussian_noise,2026,0,0.5755826859045505,0.3891213389121339,0.4224529526281635,0.40510267579340387,"{'0': 2832, '1': 1673}",False,0.0,152.34136581420898,,
cnn1d,SKAB,gaussian_noise,2026,0,0.40266370699223086,0.3571073558648111,0.9325113562621674,0.5164420485175202,"{'0': 481, '1': 4024}",False,0.0,171.2174415588379,,
automata,SKAB,gaussian_noise,2026,0,0.6449677849366807,0.3855421686746988,0.06229720960415315,0.10726256983240223,"{'0': 4252, '1': 249}",False,62.134504318237305,2.120494842529297,high,-0.3985185916839477
lstm,SKAB,original,2026,1,0.9235910002227667,0.8849385908209437,0.8924380704041721,0.8886725089256735,"{'0': 2942, '1': 1547}",False,0.0,118.63303184509277,,
gru,SKAB,original,2026,1,0.9180218311427935,0.8685208596713021,0.8956975228161669,0.8818998716302953,"{'0': 2907, '1': 1582}",False,0.0,152.89640426635742,,
cnn1d,SKAB,original,2026,1,0.9182445979059924,0.8667504714016342,0.8989569752281616,0.88256,"{'0': 2898, '1': 1591}",False,0.0,200.9902000427246,,
automata,SKAB,original,2026,1,0.5641025641025641,0.41583366653338666,0.6779661016949152,0.5154894671623296,"{'0': 1984, '1': 2501}",False,46.999454498291016,2.9997825622558594,high,-0.29230406813461635
lstm,SKAB,gaussian_noise,2026,1,0.5615950100245043,0.36621454993834773,0.38722294654498046,0.376425855513308,"{'0': 2867, '1': 1622}",False,0.0,128.3724308013916,,
gru,SKAB,gaussian_noise,2026,1,0.51459122298953,0.3677736777367774,0.5847457627118644,0.4515479486534105,"{'0': 2050, '1': 2439}",False,0.0,138.94200325012207,,
cnn1d,SKAB,gaussian_noise,2026,1,0.398752506126086,0.3527925195855446,0.910039113428944,0.5084684028410126,"{'0': 532, '1': 3957}",False,0.0,170.49217224121094,,
automata,SKAB,gaussian_noise,2026,1,0.6414715719063545,0.3669064748201439,0.06649282920469361,0.11258278145695365,"{'0': 4207, '1': 278}",False,54.00419235229492,3.0274391174316406,high,-0.29230406813461635
lstm,SKAB,original,2026,2,0.8363676731793961,0.9864559819413092,0.5465916197623515,0.703420523138833,"{'0': 3618, '1': 886}",False,0.0,175.29559135437012,,
gru,SKAB,original,2026,2,0.8428063943161634,0.9837133550488599,0.5666041275797373,0.719047619047619,"{'0': 3583, '1': 921}",False,0.0,170.92370986938477,,
cnn1d,SKAB,original,2026,2,0.8461367673179396,0.9902597402597403,0.5722326454033771,0.7253269916765755,"{'0': 3580, '1': 924}",False,0.0,288.26069831848145,,
automata,SKAB,original,2026,2,0.35555555555555557,0.3554123138475217,1.0,0.5244342407346672,"{'0': 1, '1': 4499}",False,86.00497245788574,3.5893917083740234,high,-7.347943823148687
lstm,SKAB,gaussian_noise,2026,2,0.5404085257548845,0.385512882839086,0.4959349593495935,0.4338074398249453,"{'0': 2447, '1': 2057}",False,0.0,186.65528297424316,,
gru,SKAB,gaussian_noise,2026,2,0.6338809946714032,0.44419642857142855,0.12445278298936835,0.19443087445041524,"{'0': 4056, '1': 448}",False,0.0,135.3929042816162,,
cnn1d,SKAB,gaussian_noise,2026,2,0.4114120781527531,0.3682364729458918,0.9193245778611632,0.5258451082096226,"{'0': 512, '1': 3992}",False,0.0,187.20650672912598,,
automata,SKAB,gaussian_noise,2026,2,0.3557777777777778,0.3554913294797688,1.0,0.5245202558635395,"{'0': 2, '1': 4498}",False,47.000885009765625,1.9655227661132812,high,-7.347943823148687
lstm,SKAB,original,2026,3,0.9380930863081789,0.9584775086505191,0.866166353971232,0.9099868593955321,"{'0': 2981, '1': 1445}",False,0.0,134.83238220214844,,
gru,SKAB,original,2026,3,0.9344780840488025,0.9198203976908275,0.8968105065666041,0.9081697276757441,"{'0': 2867, '1': 1559}",False,0.0,158.31637382507324,,
cnn1d,SKAB,original,2026,3,0.9417080885675554,0.9570552147239264,0.8780487804878049,0.9158512720156555,"{'0': 2959, '1': 1467}",False,0.0,176.86796188354492,,
automata,SKAB,original,2026,3,0.37675260063319765,0.3664897299792292,0.9931207004377736,0.5354012137559002,"{'0': 89, '1': 4333}",False,61.90085411071777,4.0225982666015625,high,-2.8159105930045913
lstm,SKAB,gaussian_noise,2026,3,0.5253050158156349,0.3759881422924901,0.47592245153220764,0.42009384487993373,"{'0': 2402, '1': 2024}",False,0.0,133.1796646118164,,
gru,SKAB,gaussian_noise,2026,3,0.640307275192047,0.6206896551724138,0.01125703564727955,0.022113022113022112,"{'0': 4397, '1': 29}",False,0.0,125.16999244689941,,
cnn1d,SKAB,gaussian_noise,2026,3,0.4048802530501582,0.37478828937817565,0.9687304565353346,0.5404745289602233,"{'0': 293, '1': 4133}",False,0.0,255.3873062133789,,
automata,SKAB,gaussian_noise,2026,3,0.5585707824513795,0.35473251028806585,0.2695434646654159,0.30632551528073915,"{'0': 3207, '1': 1215}",False,72.3409652709961,2.000093460083008,high,-2.8159105930045913
lstm,SKAB,original,2026,4,0.9256562982572248,0.9204702627939142,0.8570508692852543,0.8876292097365789,"{'0': 3087, '1': 1446}",False,0.0,145.4639434814453,,
gru,SKAB,original,2026,4,0.9351422898742554,0.9578181818181818,0.8480360592401803,0.8995901639344263,"{'0': 3158, '1': 1375}",False,0.0,172.1975803375244,,
cnn1d,SKAB,original,2026,4,0.9366865210677255,0.9716840536512668,0.8396651641983258,0.9008635578583765,"{'0': 3191, '1': 1342}",False,0.0,216.0947322845459,,
automata,SKAB,original,2026,4,0.4952528151909914,0.38256968920217876,0.7688345138441726,0.5109114249037228,"{'0': 1408, '1': 3121}",False,52.002668380737305,3.000020980834961,low,-0.011993499962423406
lstm,SKAB,gaussian_noise,2026,4,0.47915287888815355,0.35255474452554747,0.6220218931101095,0.4500349406009783,"{'0': 1793, '1': 2740}",False,0.0,136.08169555664062,,
gru,SKAB,gaussian_noise,2026,4,0.5012133245091551,0.35896414342629485,0.580167417900837,0.4435146443514644,"{'0': 2023, '1': 2510}",False,0.0,169.1598892211914,,
cnn1d,SKAB,gaussian_noise,2026,4,0.35473196558570486,0.3462572837292694,0.9948486799742434,0.513715710723192,"{'0': 71, '1': 4462}",False,0.0,190.52600860595703,,
automata,SKAB,gaussian_noise,2026,4,0.35394126738794435,0.3435149304764076,0.9703799098518996,0.5074074074074074,"{'0': 142, '1': 4387}",False,64.02993202209473,2.9964447021484375,low,-0.011993499962423406
lstm,BATADAL,original,2026,0,0.7358943577430972,0.013888888888888888,0.025,0.017857142857142856,"{'0': 689, '1': 144}",False,0.0,21.13032341003418,,
gru,BATADAL,original,2026,0,0.7406962785114045,0.027777777777777776,0.05,0.03571428571428571,"{'0': 689, '1': 144}",False,0.0,41.15414619445801,,
cnn1d,BATADAL,original,2026,0,0.8595438175270108,0.0,0.0,0.0,"{'0': 796, '1': 37}",False,0.0,29.683828353881836,,
automata,BATADAL,original,2026,0,0.8383594692400482,0.05,0.0375,0.04285714285714286,"{'0': 769, '1': 60}",False,9.963750839233398,1.035451889038086,low,-2.1302391889579746
lstm,BATADAL,gaussian_noise,2026,0,0.7394957983193278,0.07975460122699386,0.1625,0.10699588477366255,"{'0': 670, '1': 163}",False,0.0,26.988983154296875,,
gru,BATADAL,gaussian_noise,2026,0,0.6254501800720288,0.03968253968253968,0.125,0.060240963855421686,"{'0': 581, '1': 252}",False,0.0,39.5505428314209,,
cnn1d,BATADAL,gaussian_noise,2026,0,0.7695078031212484,0.040983606557377046,0.0625,0.04950495049504951,"{'0': 711, '1': 122}",False,0.0,36.00192070007324,,
automata,BATADAL,gaussian_noise,2026,0,0.6779252110977081,0.05263157894736842,0.1375,0.07612456747404844,"{'0': 620, '1': 209}",False,15.001296997070312,0.9939670562744141,low,-2.1302391889579746
lstm,SKAB,original,7,0,0.8870144284128746,0.8435419440745673,0.8221933809214795,0.832730857706211,"{'0': 3003, '1': 1502}",False,0.0,149.9326229095459,,
gru,SKAB,original,7,0,0.8905660377358491,0.8512064343163539,0.8241401687216093,0.8374546653478404,"{'0': 3013, '1': 1492}",False,0.0,184.82184410095215,,
cnn1d,SKAB,original,7,0,0.8703662597114318,0.8045830681094844,0.8202465931213497,0.8123393316195373,"{'0': 2934, '1': 1571}",False,0.0,152.8646945953369,,
automata,SKAB,original,7,0,0.578538102643857,0.43397626112759646,0.7592472420506164,0.5522775548737314,"{'0': 1805, '1': 2696}",False,45.218706130981445,2.6597976684570312,high,-0.3985185916839477
lstm,SKAB,gaussian_noise,7,0,0.49411764705882355,0.3701618578465869,0.6826735885788449,0.48003650467716175,"{'0': 1663, '1': 2842}",False,0.0,109.96055603027344,,
gru,SKAB,gaussian_noise,7,0,0.6235294117647059,0.41474147414741475,0.2446463335496431,0.30775510204081635,"{'0': 3596, '1': 909}",False,0.0,131.26039505004883,,
cnn1d,SKAB,gaussian_noise,7,0,0.3425083240843507,0.34221630024428157,1.0,0.5099272005294507,"{'0': 2, '1': 4503}",False,0.0,150.08544921875,,
automata,SKAB,gaussian_noise,7,0,0.6376360808709176,0.34265734265734266,0.063595068137573,0.10727969348659004,"{'0': 4215, '1': 286}",False,41.001319885253906,2.001047134399414,high,-0.3985185916839477
lstm,SKAB,original,7,1,0.9086656270884385,0.839782345828295,0.9054758800521513,0.8713927227101631,"{'0': 2835, '1': 1654}",False,0.0,140.6095027923584,,
gru,SKAB,original,7,1,0.9113388282468255,0.8523573200992556,0.8956975228161669,0.8734901462174189,"{'0': 2877, '1': 1612}",False,0.0,111.11140251159668,,
cnn1d,SKAB,original,7,1,0.9220316328803743,0.8819354838709678,0.8911342894393742,0.8865110246433203,"{'0': 2939, '1': 1550}",False,0.0,154.7558307647705,,
automata,SKAB,original,7,1,0.5641025641025641,0.41583366653338666,0.6779661016949152,0.5154894671623296,"{'0': 1984, '1': 2501}",False,43.981313705444336,1.9998550415039062,high,-0.29230406813461635
lstm,SKAB,gaussian_noise,7,1,0.5680552461572733,0.38526912181303113,0.44328552803129073,0.41224613519248254,"{'0': 2724, '1': 1765}",False,0.0,119.10748481750488,,
gru,SKAB,gaussian_noise,7,1,0.5551347738917354,0.3626112759643917,0.3983050847457627,0.3796210003106555,"{'0': 2804, '1': 1685}",False,0.0,188.16661834716797,,
cnn1d,SKAB,gaussian_noise,7,1,0.40855424370683896,0.35624519107463454,0.9054758800521513,0.51131971286582,"{'0': 590, '1': 3899}",False,0.0,166.71466827392578,,
automata,SKAB,gaussian_noise,7,1,0.6343366778149386,0.3037037037037037,0.05345501955671447,0.09090909090909091,"{'0': 4215, '1': 270}",False,45.540571212768555,3.027200698852539,high,-0.29230406813461635
lstm,SKAB,original,7,2,0.8343694493783304,0.9919261822376009,0.5378361475922452,0.6974858069748581,"{'0': 3637, '1': 867}",False,0.0,123.15964698791504,,
gru,SKAB,original,7,2,0.8390319715808171,0.994343891402715,0.549718574108818,0.7080144985904149,"{'0': 3620, '1': 884}",False,0.0,164.33382034301758,,
cnn1d,SKAB,original,7,2,0.8301509769094139,0.995249406175772,0.5240775484677924,0.6866038508807866,"{'0': 3662, '1': 842}",False,0.0,169.4493293762207,,
automata,SKAB,original,7,2,0.35555555555555557,0.3554123138475217,1.0,0.5244342407346672,"{'0': 1, '1': 4499}",False,104.01439666748047,1.9984245300292969,high,-7.347943823148687
lstm,SKAB,gaussian_noise,7,2,0.43539076376554176,0.3663646659116648,0.809255784865541,0.5043851101149873,"{'0': 972, '1': 3532}",False,0.0,208.30583572387695,,
gru,SKAB,gaussian_noise,7,2,0.46936056838365897,0.37344,0.7298311444652908,0.49407281964436917,"{'0': 1379, '1': 3125}",False,0.0,215.0399684906006,,
cnn1d,SKAB,gaussian_noise,7,2,0.37455595026642985,0.3579757462686567,0.9599749843652282,0.5214880244606761,"{'0': 216, '1': 4288}",False,0.0,224.1976261138916,,
automata,SKAB,gaussian_noise,7,2,0.3557777777777778,0.3554913294797688,1.0,0.5245202558635395,"{'0': 2, '1': 4498}",False,46.00644111633301,1.9724369049072266,high,-7.347943823148687
lstm,SKAB,original,7,3,0.9324446452779033,0.9270696452036794,0.8824265165728581,0.9041973726369753,"{'0': 2904, '1': 1522}",False,0.0,151.49521827697754,,
gru,SKAB,original,7,3,0.9349299593312246,0.9343936381709742,0.8818011257035647,0.9073359073359073,"{'0': 2917, '1': 1509}",False,0.0,253.02577018737793,,
cnn1d,SKAB,original,7,3,0.9392227745142341,0.9380764163372859,0.890556597873671,0.9136990696182227,"{'0': 2908, '1': 1518}",False,0.0,242.49887466430664,,
automata,SKAB,original,7,3,0.37675260063319765,0.3664897299792292,0.9931207004377736,0.5354012137559002,"{'0': 89, '1': 4333}",False,84.14506912231445,3.999471664428711,high,-2.8159105930045913
lstm,SKAB,gaussian_noise,7,3,0.4401265250790782,0.3701624815361891,0.7836147592245153,0.5028089887640449,"{'0': 1041, '1': 3385}",False,0.0,156.9983959197998,,
gru,SKAB,gaussian_noise,7,3,0.6477632173520108,0.6149425287356322,0.066916823014384,0.12069937958262832,"{'0': 4252, '1': 174}",False,0.0,312.730073928833,,
cnn1d,SKAB,gaussian_noise,7,3,0.3644374152733845,0.36229582577132485,0.9987492182614134,0.5317130014982521,"{'0': 18, '1': 4408}",False,0.0,236.79661750793457,,
automata,SKAB,gaussian_noise,7,3,0.5569877883310719,0.35294117647058826,0.2701688555347092,0.30605738575983,"{'0': 3198, '1': 1224}",False,59.090614318847656,2.999544143676758,high,-2.8159105930045913
lstm,SKAB,original,7,4,0.9395543789984557,0.9754646840148699,0.8448164842240824,0.9054520358868184,"{'0': 3188, '1': 1345}",False,0.0,216.79139137268066,,
gru,SKAB,original,7,4,0.9227884403264945,0.9055967633175994,0.8647778493238892,0.8847167325428195,"{'0': 3050, '1': 1483}",False,0.0,273.8683223724365,,
cnn1d,SKAB,original,7,4,0.9375689388925657,0.9608127721335269,0.8525434642627173,0.9034459228932105,"{'0': 3155, '1': 1378}",False,0.0,342.8184986114502,,
automata,SKAB,original,7,4,0.4952528151909914,0.38256968920217876,0.7688345138441726,0.5109114249037228,"{'0': 1408, '1': 3121}",False,95.83091735839844,8.00180435180664,low,-0.011993499962423406
lstm,SKAB,gaussian_noise,7,4,0.5140083829693359,0.3503683241252302,0.4900193174500966,0.40859060402684566,"{'0': 2361, '1': 2172}",False,0.0,260.00094413757324,,
gru,SKAB,gaussian_noise,7,4,0.4630487535848224,0.35931012456084316,0.7244043786220219,0.4803586678052946,"{'0': 1402, '1': 3131}",False,0.0,186.14912033081055,,
cnn1d,SKAB,gaussian_noise,7,4,0.34811383189940437,0.3433869526362824,0.9896973599484868,0.5098689666611378,"{'0': 57, '1': 4476}",False,0.0,207.3671817779541,,
automata,SKAB,gaussian_noise,7,4,0.35570766173548246,0.34485110252330076,0.9768190598840953,0.509744623655914,"{'0': 130, '1': 4399}",False,65.99903106689453,3.068208694458008,low,-0.011993499962423406
lstm,BATADAL,original,7,0,0.7707082833133253,0.008849557522123894,0.0125,0.010362694300518135,"{'0': 720, '1': 113}",False,0.0,37.34302520751953,,
gru,BATADAL,original,7,0,0.7226890756302521,0.22743682310469315,0.7875,0.35294117647058826,"{'0': 556, '1': 277}",False,0.0,35.555362701416016,,
cnn1d,BATADAL,original,7,0,0.7959183673469388,0.0,0.0,0.0,"{'0': 743, '1': 90}",False,0.0,46.09370231628418,,
automata,BATADAL,original,7,0,0.8383594692400482,0.05,0.0375,0.04285714285714286,"{'0': 769, '1': 60}",False,19.00196075439453,0.99945068359375,low,-2.1302391889579746
lstm,BATADAL,gaussian_noise,7,0,0.7839135654261705,0.0,0.0,0.0,"{'0': 733, '1': 100}",False,0.0,49.04580116271973,,
gru,BATADAL,gaussian_noise,7,0,0.7635054021608644,0.05343511450381679,0.0875,0.06635071090047394,"{'0': 702, '1': 131}",False,0.0,38.555145263671875,,
cnn1d,BATADAL,gaussian_noise,7,0,0.8235294117647058,0.014492753623188406,0.0125,0.013422818791946308,"{'0': 764, '1': 69}",False,0.0,51.99885368347168,,
automata,BATADAL,gaussian_noise,7,0,0.7020506634499397,0.0845771144278607,0.2125,0.12099644128113879,"{'0': 628, '1': 201}",False,16.000747680664062,1.003265380859375,low,-2.1302391889579746
lstm,SKAB,original,999,0,0.9003329633740289,0.8786407766990292,0.8221933809214795,0.8494803888702648,"{'0': 3063, '1': 1442}",False,0.0,205.1379680633545,,
gru,SKAB,original,999,0,0.8994450610432853,0.8798882681564246,0.81765087605451,0.8476286579212916,"{'0': 3073, '1': 1432}",False,0.0,247.07508087158203,,
cnn1d,SKAB,original,999,0,0.8847946725860155,0.8370712401055409,0.8234912394548994,0.830225711481845,"{'0': 2989, '1': 1516}",False,0.0,226.99952125549316,,
automata,SKAB,original,999,0,0.578538102643857,0.43397626112759646,0.7592472420506164,0.5522775548737314,"{'0': 1805, '1': 2696}",False,67.00015068054199,6.018877029418945,high,-0.3985185916839477
lstm,SKAB,gaussian_noise,999,0,0.4996670366259711,0.37853492333901195,0.7209604153147307,0.4964253798033959,"{'0': 1570, '1': 2935}",False,0.0,265.1996612548828,,
gru,SKAB,gaussian_noise,999,0,0.6643729189789124,0.5262206148282098,0.18883841661258924,0.27793696275071633,"{'0': 3952, '1': 553}",False,0.0,175.9955883026123,,
cnn1d,SKAB,gaussian_noise,999,0,0.36537180910099887,0.34794646977388094,0.9785853341985724,0.5133617021276595,"{'0': 171, '1': 4334}",False,0.0,234.12799835205078,,
automata,SKAB,gaussian_noise,999,0,0.6325261053099311,0.3044982698961938,0.05710577547047372,0.09617486338797815,"{'0': 4212, '1': 289}",False,79.99992370605469,3.999471664428711,high,-0.3985185916839477
lstm,SKAB,original,999,1,0.9126754288260192,0.8511685116851169,0.9022164276401564,0.8759493670886076,"{'0': 2863, '1': 1626}",False,0.0,176.25713348388672,,
gru,SKAB,original,999,1,0.9135664958788149,0.8554590570719603,0.8989569752281616,0.8766687857596949,"{'0': 2877, '1': 1612}",False,0.0,237.0927333831787,,
cnn1d,SKAB,original,999,1,0.9182445979059924,0.8649155722326454,0.9015645371577575,0.8828598787105011,"{'0': 2890, '1': 1599}",False,0.0,314.00012969970703,,
automata,SKAB,original,999,1,0.5641025641025641,0.41583366653338666,0.6779661016949152,0.5154894671623296,"{'0': 1984, '1': 2501}",False,81.99906349182129,3.9980411529541016,high,-0.29230406813461635
lstm,SKAB,gaussian_noise,999,1,0.575629316106037,0.3744075829383886,0.3604954367666232,0.36731982729990037,"{'0': 3012, '1': 1477}",False,0.0,179.46219444274902,,
gru,SKAB,gaussian_noise,999,1,0.5647137447092894,0.3909657320872274,0.4908735332464146,0.4352601156069364,"{'0': 2563, '1': 1926}",False,0.0,226.99975967407227,,
cnn1d,SKAB,gaussian_noise,999,1,0.4778347070617064,0.370275464445868,0.7535853976531942,0.4965635738831615,"{'0': 1367, '1': 3122}",False,0.0,235.08119583129883,,
automata,SKAB,gaussian_noise,999,1,0.6465997770345596,0.4135593220338983,0.07953063885267275,0.13340623291416073,"{'0': 4190, '1': 295}",False,69.51665878295898,2.9718875885009766,high,-0.29230406813461635
lstm,SKAB,original,999,2,0.8374777975133215,0.9800664451827242,0.5534709193245778,0.7074340527577938,"{'0': 3601, '1': 903}",False,0.0,167.89484024047852,,
gru,SKAB,original,999,2,0.8385879218472468,0.983370288248337,0.5547217010631644,0.7093162734906038,"{'0': 3602, '1': 902}",False,0.0,216.03012084960938,,
cnn1d,SKAB,original,999,2,0.8410301953818827,0.9911012235817576,0.5572232645403377,0.7133706965572458,"{'0': 3605, '1': 899}",False,0.0,292.6194667816162,,
automata,SKAB,original,999,2,0.35555555555555557,0.3554123138475217,1.0,0.5244342407346672,"{'0': 1, '1': 4499}",False,67.99983978271484,3.999948501586914,high,-7.347943823148687
lstm,SKAB,gaussian_noise,999,2,0.4691385435168739,0.37648159700561445,0.7548467792370231,0.5023933402705515,"{'0': 1298, '1': 3206}",False,0.0,196.02727890014648,,
gru,SKAB,gaussian_noise,999,2,0.5324156305506217,0.38565629228687415,0.5347091932457786,0.4481132075471698,"{'0': 2287, '1': 2217}",False,0.0,208.85634422302246,,
cnn1d,SKAB,gaussian_noise,999,2,0.37633214920071045,0.3592368543508609,0.965603502188868,0.5236560963201627,"{'0': 206, '1': 4298}",False,0.0,231.15301132202148,,
automata,SKAB,gaussian_noise,999,2,0.35555555555555557,0.3554123138475217,1.0,0.5244342407346672,"{'0': 1, '1': 4499}",False,61.62738800048828,4.000663757324219,high,-7.347943823148687
lstm,SKAB,original,999,3,0.9419340262087664,0.9583333333333334,0.8774233896185115,0.9160953313744695,"{'0': 2962, '1': 1464}",False,0.0,162.0016098022461,,
gru,SKAB,original,999,3,0.9394487121554451,0.9451505016722408,0.8836772983114447,0.9133807369101486,"{'0': 2931, '1': 1495}",False,0.0,220.6878662109375,,
cnn1d,SKAB,original,999,3,0.9401265250790781,0.9393939393939394,0.8918073796122576,0.9149823548283607,"{'0': 2908, '1': 1518}",False,0.0,240.99969863891602,,
automata,SKAB,original,999,3,0.37675260063319765,0.3664897299792292,0.9931207004377736,0.5354012137559002,"{'0': 89, '1': 4333}",False,64.52155113220215,2.998828887939453,high,-2.8159105930045913
lstm,SKAB,gaussian_noise,999,3,0.5603253502033438,0.41188420518029456,0.5071919949968731,0.4545964125560538,"{'0': 2457, '1': 1969}",False,0.0,181.0014247894287,,
gru,SKAB,gaussian_noise,999,3,0.5686850429281518,0.3916083916083916,0.35021888680425267,0.36975899636843845,"{'0': 2996, '1': 1430}",False,0.0,200.09970664978027,,
cnn1d,SKAB,gaussian_noise,999,3,0.3737008585630366,0.3646434341103162,0.9881175734834271,0.5327039784221174,"{'0': 93, '1': 4333}",False,0.0,297.03497886657715,,
automata,SKAB,gaussian_noise,999,3,0.5712347354138398,0.3787755102040816,0.29018136335209505,0.3286118980169972,"{'0': 3197, '1': 1225}",False,78.51982116699219,3.9997100830078125,high,-2.8159105930045913
lstm,SKAB,original,999,4,0.9373483344363556,0.9745699326851159,0.8390212491951062,0.9017301038062284,"{'0': 3196, '1': 1337}",False,0.0,196.77376747131348,,
gru,SKAB,original,999,4,0.9338186631369954,0.9523465703971119,0.8493238892466195,0.8978897208985704,"{'0': 3148, '1': 1385}",False,0.0,203.0501365661621,,
cnn1d,SKAB,original,999,4,0.9395543789984557,0.9841029523088569,0.8370895041854475,0.9046624913013221,"{'0': 3212, '1': 1321}",False,0.0,282.0417881011963,,
automata,SKAB,original,999,4,0.4952528151909914,0.38256968920217876,0.7688345138441726,0.5109114249037228,"{'0': 1408, '1': 3121}",False,68.06421279907227,3.0333995819091797,low,-0.011993499962423406
lstm,SKAB,gaussian_noise,999,4,0.4303992940657401,0.3513435423288067,0.7830006439150032,0.4850418827283606,"{'0': 1072, '1': 3461}",False,0.0,198.52352142333984,,
gru,SKAB,gaussian_noise,999,4,0.5040811824398853,0.3696060037523452,0.6342562781712814,0.4670459933617828,"{'0': 1868, '1': 2665}",False,0.0,204.20098304748535,,
cnn1d,SKAB,gaussian_noise,999,4,0.35473196558570486,0.3459811405478222,0.9922730199613651,0.5130680872315632,"{'0': 79, '1': 4454}",False,0.0,218.51491928100586,,
automata,SKAB,gaussian_noise,999,4,0.35526606314859793,0.343628460306566,0.9671603348358017,0.5070898041863605,"{'0': 158, '1': 4371}",False,63.513994216918945,3.0014514923095703,low,-0.011993499962423406
lstm,BATADAL,original,999,0,0.680672268907563,0.025510204081632654,0.0625,0.036231884057971016,"{'0': 637, '1': 196}",False,0.0,31.000137329101562,,
gru,BATADAL,original,999,0,0.6974789915966386,0.03260869565217391,0.075,0.045454545454545456,"{'0': 649, '1': 184}",False,0.0,30.956745147705078,,
cnn1d,BATADAL,original,999,0,0.7418967587034814,0.02127659574468085,0.0375,0.027149321266968326,"{'0': 692, '1': 141}",False,0.0,43.10250282287598,,
automata,BATADAL,original,999,0,0.8383594692400482,0.05,0.0375,0.04285714285714286,"{'0': 769, '1': 60}",False,13.998985290527344,0.0,low,-2.1302391889579746
lstm,BATADAL,gaussian_noise,999,0,0.8427370948379351,0.03636363636363636,0.025,0.02962962962962963,"{'0': 778, '1': 55}",False,0.0,26.57008171081543,,
gru,BATADAL,gaussian_noise,999,0,0.8343337334933973,0.3273809523809524,0.6875,0.4435483870967742,"{'0': 665, '1': 168}",False,0.0,31.483173370361328,,
cnn1d,BATADAL,gaussian_noise,999,0,0.7755102040816326,0.02654867256637168,0.0375,0.031088082901554404,"{'0': 720, '1': 113}",False,0.0,36.000728607177734,,
automata,BATADAL,gaussian_noise,999,0,0.7334137515078407,0.07272727272727272,0.15,0.09795918367346938,"{'0': 664, '1': 165}",False,11.990785598754883,0.0,low,-2.1302391889579746
